seccion,preguntas,SGNS (propio) · 3CosAdd,SGNS (propio) · 3CosMul,Word2Vec gensim · 3CosAdd,Word2Vec gensim · 3CosMul,GloVe · 3CosAdd,GloVe · 3CosMul
capital-common-countries,462.0,55.19,53.25,52.81,51.95,93.72,91.99
capital-world,1209.0,35.15,32.84,35.65,33.58,89.16,85.86
currency,88.0,3.41,3.41,2.27,3.41,4.55,3.41
city-in-state,1745.0,27.62,26.59,29.11,27.34,30.72,26.88
family,342.0,62.87,59.36,57.31,53.8,88.3,87.43
gram1-adjective-to-adverb,756.0,15.74,14.29,12.43,10.71,29.89,29.63
gram2-opposite,306.0,14.05,11.76,11.11,9.15,23.86,20.92
gram3-comparative,1190.0,58.4,56.05,60.76,58.66,81.68,79.41
gram4-superlative,702.0,27.49,28.49,28.63,28.77,61.25,61.68
gram5-present-participle,870.0,38.62,35.86,41.03,38.74,72.07,71.61
gram6-nationality-adjective,1299.0,77.75,76.06,74.67,73.67,97.31,95.84
gram7-past-tense,1332.0,60.36,58.11,59.08,55.71,58.78,56.31
gram8-plural,992.0,39.72,34.07,38.41,34.27,79.33,75.6
gram9-plural-verbs,756.0,32.14,31.88,33.47,31.75,57.67,59.79
SEMÁNTICAS,3846.0,35.88,34.14,35.91,34.06,61.18,58.09
SINTÁCTICAS,8203.0,46.78,44.67,46.32,44.19,68.24,66.88
TOTAL,12049.0,43.3,41.31,43.0,40.96,65.99,64.07
