iteración,tokens (M),vocab,dim,ventana,K,t,lr,lote,epochs,pérdida,analog. sem %,analog. sin %,analog. total %,WordSim ρ,s/epoch,tiempo total (s),mem. pico (MB)
base (d=100),25.0,90273,100,5,5,0.0001,0.025,16384,5,2.1968,28.6,45.7,40.2,0.655,49.8,252,5137
d=50,25.0,90273,50,5,5,0.0001,0.025,16384,5,2.2329,22.4,36.1,31.7,0.605,26.4,134,5137
d=300,25.0,90273,300,5,5,0.0001,0.025,16384,5,2.1473,30.6,48.8,43.0,0.654,79.3,398,5137
corpus 25%,6.3,42881,100,5,5,0.0001,0.025,16384,5,2.2353,9.8,17.1,14.8,0.522,10.3,52,5137
corpus 50%,12.5,62652,100,5,5,0.0001,0.025,16384,5,2.2095,19.0,33.4,28.7,0.636,22.0,111,5137
ventana=2,25.0,90273,100,2,5,0.0001,0.025,16384,5,2.0944,23.5,43.9,37.4,0.615,24.1,122,5137
ventana=10,25.0,90273,100,10,5,0.0001,0.025,16384,5,2.2465,36.2,44.3,41.7,0.649,86.5,434,6161
K=15 (lote 16k),25.0,90273,100,5,15,0.0001,0.025,16384,5,,0.0,0.0,0.0,,88.8,446,6161
K=15 (lote 4k),25.0,90273,100,5,15,0.0001,0.025,4096,5,3.1138,35.9,46.8,43.3,0.654,115.5,579,5137
t=1e-3,25.0,90273,100,5,5,0.001,0.025,16384,5,2.2377,27.6,43.4,38.4,0.647,64.9,326,6161
lr=0.05,25.0,90273,100,5,5,0.0001,0.05,16384,5,2.1814,35.6,45.5,42.4,0.663,50.0,253,6161
