,SGNS (propio),Word2Vec gensim,GloVe
tokens corpus,25.0 M,25.0 M,"6,000 M"
vocabulario,90273,90273,400000
dim,100,100,100
tiempo entrenamiento,9.7 min (5 epochs),1.5 min (5 epochs),~85 min (matriz X) + 50 iter. (≤14 min c/u)
hardware,Apple M4 Pro (MPS),CPU arm64 (12 hilos),"2× Xeon E5-2658, 32 núcleos (autores)"
3CosAdd sem %,35.9,35.9,61.2
3CosAdd sin %,46.8,46.3,68.2
3CosAdd total %,43.3,43.0,66.0
3CosMul sem %,34.1,34.1,58.1
3CosMul sin %,44.7,44.2,66.9
3CosMul total %,41.3,41.0,64.1
WordSim-353 ρ,0.654,0.648,0.533
SimLex-999 ρ,0.302,0.306,0.298
paralelismo (cos medio),0.226,0.231,0.406
% OOV AG News,2.7,2.7,0.57
F1 test AG News,91.48,91.54,91.98
variante clasif.,SGNS fine-tuning,Word2Vec gensim fine-tuning,GloVe fine-tuning
